domain,samples,mean_poas,std_poas,cri_local,cdts_local
music,5,0.72062,0.08256,0.08256,-0.300406
ambient,6,0.784683,0.035607,0.035607,0.522031
sfx,5,0.70878,0.096567,0.096567,-0.452407
speech,4,0.756325,0.058232,0.058232,0.15797
